{"cameraMode":{"drawMode":0,"name":"Shaded","section":"Shading Mode"},"sceneLighting":false,"audioPlay":false,"sceneViewState":{"showFog":true,"showMaterialUpdate":false,"showSkybox":false,"showFlares":true,"showImageEffects":true,"showParticleSystems":true},"in2DMode":false,"pivot":{"x":3.2813072204589845,"y":-23.865211486816408,"z":14.13787841796875},"rotation":{"x":0.3960738778114319,"y":0.3588698208332062,"z":-0.171787828207016,"w":0.8275550603866577},"size":115.19661712646485,"orthographic":false}