{"cameraMode":{"drawMode":0,"name":"Shaded","section":"Shading Mode"},"sceneLighting":false,"audioPlay":false,"sceneViewState":{"showFog":true,"showMaterialUpdate":false,"showSkybox":false,"showFlares":true,"showImageEffects":true,"showParticleSystems":true},"in2DMode":false,"pivot":{"x":-9.298203468322754,"y":4.018986701965332,"z":-0.6338577270507813},"rotation":{"x":0.6222922205924988,"y":-0.14646808803081513,"z":0.12000343203544617,"w":0.7595421075820923},"size":0.8573645353317261,"orthographic":true}