{"cameraMode":{"drawMode":0,"name":"Shaded","section":"Shading Mode"},"sceneLighting":false,"audioPlay":false,"sceneViewState":{"showFog":true,"showMaterialUpdate":false,"showSkybox":false,"showFlares":true,"showImageEffects":true,"showParticleSystems":true},"in2DMode":false,"pivot":{"x":21.299999237060548,"y":1.8298254013061524,"z":20.100000381469728},"rotation":{"x":0.4112277030944824,"y":0.01914387382566929,"z":-0.008632063865661621,"w":0.9112975597381592},"size":2.8578836917877199,"orthographic":true}