{"cameraMode":{"drawMode":0,"name":"Shaded","section":"Shading Mode"},"sceneLighting":false,"audioPlay":false,"sceneViewState":{"showFog":true,"showMaterialUpdate":false,"showSkybox":false,"showFlares":true,"showImageEffects":true,"showParticleSystems":true},"in2DMode":false,"pivot":{"x":0.39094221591949465,"y":-1.1215591430664063,"z":10.359429359436036},"rotation":{"x":0.690707266330719,"y":-0.2361295223236084,"z":0.2576211392879486,"w":0.6330860257148743},"size":53.613441467285159,"orthographic":false}