{"cameraMode":{"drawMode":0,"name":"Shaded","section":"Shading Mode"},"sceneLighting":false,"audioPlay":false,"sceneViewState":{"showFog":true,"showMaterialUpdate":false,"showSkybox":false,"showFlares":true,"showImageEffects":true,"showParticleSystems":true},"in2DMode":false,"pivot":{"x":-35.8336181640625,"y":-0.6331911087036133,"z":1.1682953834533692},"rotation":{"x":-0.3123376667499542,"y":0.13454049825668336,"z":-0.04469835385680199,"w":-0.9393507838249207},"size":9.759162902832032,"orthographic":false}