{"cameraMode":{"drawMode":0,"name":"Shaded","section":"Shading Mode"},"sceneLighting":false,"audioPlay":false,"sceneViewState":{"showFog":true,"showMaterialUpdate":false,"showSkybox":false,"showFlares":true,"showImageEffects":true,"showParticleSystems":true},"in2DMode":false,"pivot":{"x":30.56915283203125,"y":-5.603053569793701,"z":14.72402286529541},"rotation":{"x":0.10213826596736908,"y":-0.6548767685890198,"z":0.08991536498069763,"w":0.743409276008606},"size":38.916011810302737,"orthographic":false}