{"cameraMode":{"drawMode":0,"name":"Shaded","section":"Shading Mode"},"sceneLighting":false,"audioPlay":false,"sceneViewState":{"showFog":true,"showMaterialUpdate":false,"showSkybox":false,"showFlares":true,"showImageEffects":true,"showParticleSystems":true},"in2DMode":false,"pivot":{"x":-14.401087760925293,"y":0.5,"z":0.004107475280761719},"rotation":{"x":-0.07381667196750641,"y":0.761378288269043,"z":-0.6380524039268494,"w":-0.08809194713830948},"size":8.922273635864258,"orthographic":false}