{"cameraMode":{"drawMode":0,"name":"Shaded","section":"Shading Mode"},"sceneLighting":false,"audioPlay":false,"sceneViewState":{"showFog":true,"showMaterialUpdate":false,"showSkybox":false,"showFlares":true,"showImageEffects":true,"showParticleSystems":true},"in2DMode":false,"pivot":{"x":-8.600000381469727,"y":1.027999997138977,"z":-11.739999771118164},"rotation":{"x":0.3148253262042999,"y":-0.5574808716773987,"z":0.24057766795158387,"w":0.7295390963554382},"size":0.8573637008666992,"orthographic":true}