{"cameraMode":{"drawMode":0,"name":"Shaded","section":"Shading Mode"},"sceneLighting":false,"audioPlay":false,"sceneViewState":{"showFog":true,"showMaterialUpdate":false,"showSkybox":false,"showFlares":true,"showImageEffects":true,"showParticleSystems":true},"in2DMode":false,"pivot":{"x":1.3600000143051148,"y":4.389999866485596,"z":0.1799999475479126},"rotation":{"x":0.4196590185165405,"y":0.2604410648345947,"z":-0.12706246972084046,"w":0.86018306016922},"size":2.020829439163208,"orthographic":false}