{"cameraMode":{"drawMode":0,"name":"Shaded","section":"Shading Mode"},"sceneLighting":false,"audioPlay":false,"sceneViewState":{"showFog":true,"showMaterialUpdate":false,"showSkybox":false,"showFlares":true,"showImageEffects":true,"showParticleSystems":true},"in2DMode":false,"pivot":{"x":0.005706787109375,"y":2.66796875,"z":-6.77734375},"rotation":{"x":0.4112277030944824,"y":0.01914387382566929,"z":-0.008632063865661621,"w":0.9112975597381592},"size":1.4289418458938599,"orthographic":true}