{"cameraMode":{"drawMode":0,"name":"Shaded","section":"Shading Mode"},"sceneLighting":false,"audioPlay":false,"sceneViewState":{"showFog":true,"showMaterialUpdate":false,"showSkybox":false,"showFlares":true,"showImageEffects":true,"showParticleSystems":true},"in2DMode":false,"pivot":{"x":0.0,"y":11.027999877929688,"z":-15.65999984741211},"rotation":{"x":-0.025461209937930108,"y":-0.5660999417304993,"z":0.017496129497885705,"w":-0.8237610459327698},"size":36.684391021728519,"orthographic":true}