{"cameraMode":{"drawMode":0,"name":"Shaded","section":"Shading Mode"},"sceneLighting":false,"audioPlay":false,"sceneViewState":{"showFog":true,"showMaterialUpdate":false,"showSkybox":false,"showFlares":true,"showImageEffects":true,"showParticleSystems":true},"in2DMode":false,"pivot":{"x":-4.818671703338623,"y":10.88937759399414,"z":3.4657058715820314},"rotation":{"x":0.444613516330719,"y":0.08309298753738404,"z":-0.041468676179647449,"w":0.8908955454826355},"size":41.41676712036133,"orthographic":false}