{"cameraMode":{"drawMode":0,"name":"Shaded","section":"Shading Mode"},"sceneLighting":false,"audioPlay":false,"sceneViewState":{"showFog":true,"showMaterialUpdate":false,"showSkybox":false,"showFlares":true,"showImageEffects":true,"showParticleSystems":true},"in2DMode":false,"pivot":{"x":-114.44483184814453,"y":-55.84206008911133,"z":-226.00784301757813},"rotation":{"x":-0.6490631103515625,"y":0.014906007796525956,"z":-0.012693998403847218,"w":-0.760509192943573},"size":12.212921142578125,"orthographic":false}