{"cameraMode":{"drawMode":0,"name":"Shaded","section":"Shading Mode"},"sceneLighting":false,"audioPlay":false,"sceneViewState":{"showFog":true,"showMaterialUpdate":false,"showSkybox":false,"showFlares":true,"showImageEffects":true,"showParticleSystems":true},"in2DMode":false,"pivot":{"x":-22.979999542236329,"y":1.027999997138977,"z":0.0530100017786026},"rotation":{"x":0.39208588004112246,"y":-0.0013799098087474704,"z":0.0005881395773030818,"w":0.919928789138794},"size":2.8578836917877199,"orthographic":true}