{"cameraMode":{"drawMode":0,"name":"Shaded","section":"Shading Mode"},"sceneLighting":false,"audioPlay":false,"sceneViewState":{"showFog":true,"showMaterialUpdate":false,"showSkybox":false,"showFlares":true,"showImageEffects":true,"showParticleSystems":true},"in2DMode":false,"pivot":{"x":-0.08395862579345703,"y":4.0449066162109379,"z":-4.935791492462158},"rotation":{"x":0.4778265357017517,"y":-0.5159192085266113,"z":0.4438047409057617,"w":0.5554695725440979},"size":44.00834655761719,"orthographic":false}