{"cameraMode":{"drawMode":0,"name":"Shaded","section":"Shading Mode"},"sceneLighting":false,"audioPlay":false,"sceneViewState":{"showFog":true,"showMaterialUpdate":false,"showSkybox":false,"showFlares":true,"showImageEffects":true,"showParticleSystems":true},"in2DMode":false,"pivot":{"x":-0.03571128845214844,"y":2.9999990463256838,"z":4.76837158203125e-7},"rotation":{"x":-0.5769680738449097,"y":-0.0011491040932014585,"z":0.0008329643751494587,"w":-0.8167900443077087},"size":90.81436157226563,"orthographic":false}