{"cameraMode":{"drawMode":0,"name":"Shaded","section":"Shading Mode"},"sceneLighting":true,"audioPlay":false,"sceneViewState":{"showFog":true,"showMaterialUpdate":false,"showSkybox":true,"showFlares":true,"showImageEffects":true,"showParticleSystems":true},"in2DMode":false,"pivot":{"x":1.5590754747390748,"y":1.0,"z":-90.06707763671875},"rotation":{"x":-0.28510597348213198,"y":-0.0487755611538887,"z":0.014550046995282174,"w":-0.9571647047996521},"size":3.447006940841675,"orthographic":false}