{"cameraMode":{"drawMode":0,"name":"Shaded","section":"Shading Mode"},"sceneLighting":false,"audioPlay":false,"sceneViewState":{"showFog":true,"showMaterialUpdate":false,"showSkybox":false,"showFlares":true,"showImageEffects":true,"showParticleSystems":true},"in2DMode":false,"pivot":{"x":1.7899999618530274,"y":1.8298254013061524,"z":9.470000267028809},"rotation":{"x":0.0066175009123981,"y":-0.743605375289917,"z":0.007360053714364767,"w":0.6685470342636108},"size":2.8578836917877199,"orthographic":true}