{"cameraMode":{"drawMode":0,"name":"Shaded","section":"Shading Mode"},"sceneLighting":false,"audioPlay":false,"sceneViewState":{"showFog":true,"showMaterialUpdate":false,"showSkybox":false,"showFlares":true,"showImageEffects":true,"showParticleSystems":true},"in2DMode":false,"pivot":{"x":14.482427597045899,"y":-2.4640746116638185,"z":0.7578516006469727},"rotation":{"x":-0.48491883277893069,"y":-0.018880106508731843,"z":0.010475722141563893,"w":-0.8742959499359131},"size":38.335113525390628,"orthographic":false}