{"cameraMode":{"drawMode":0,"name":"Shaded","section":"Shading Mode"},"sceneLighting":false,"audioPlay":false,"sceneViewState":{"showFog":true,"showMaterialUpdate":false,"showSkybox":false,"showFlares":true,"showImageEffects":true,"showParticleSystems":true},"in2DMode":false,"pivot":{"x":-0.029999971389770509,"y":0.5,"z":14.339999198913575},"rotation":{"x":0.5992481112480164,"y":0.024007398635149003,"z":-0.01798287406563759,"w":0.800001859664917},"size":50.01924133300781,"orthographic":false}