{"cameraMode":{"drawMode":0,"name":"Shaded","section":"Shading Mode"},"sceneLighting":false,"audioPlay":false,"sceneViewState":{"showFog":true,"showMaterialUpdate":false,"showSkybox":false,"showFlares":true,"showImageEffects":true,"showParticleSystems":true},"in2DMode":false,"pivot":{"x":0.6495285034179688,"y":0.8705177307128906,"z":-4.348960876464844},"rotation":{"x":0.13084851205348969,"y":-0.7850316762924194,"z":0.5788944363594055,"w":0.17744195461273194},"size":51.34865951538086,"orthographic":false}